{"stats":{"minecraft:broken":{"minecraft:stone_pickaxe":1,"minecraft:wooden_axe":1,"minecraft:stone_shovel":1},"minecraft:dropped":{"minecraft:cobblestone":16,"minecraft:stone_axe":1,"minecraft:stone_sword":2,"minecraft:stone_pickaxe":2,"minecraft:wooden_pickaxe":2},"minecraft:mined":{"forcecraft:deepslate_power_ore":1,"create:zinc_ore":8,"powah:deepslate_uraninite_ore":2,"create:deepslate_zinc_ore":11,"minecraft:tuff":30,"minecraft:farmland":1,"minecraft:deepslate_diamond_ore":20,"silentcompat:voidmetal_ore":8,"thermal:sulfur_ore":5,"mekanism:deepslate_osmium_ore":15,"minecraft:ladder":1,"minecraft:granite":19,"minecraft:grass_block":97,"gobber2:gobber2_ore_deepslate":4,"minecraft:jungle_planks":29,"gobber2:gobber2_lucky_block":7,"minecraft:jungle_log":16,"occultism:silver_ore_deepslate":57,"minecraft:birch_slab":14,"deepresonance:resonating_ore_deepslate":1,"minecraft:redstone_ore":19,"gobber2:gobber2_ore":1,"thermal:machine_pulverizer":1,"immersiveengineering:hemp":2,"hexerei:mahogany_sapling":2,"minecraft:iron_ore":56,"minecraft:cobbled_deepslate":1,"bigreactors:yellorite_ore":4,"minecraft:andesite":2,"forcecraft:force_leaves":1,"minecraft:deepslate_lapis_ore":2,"immersiveengineering:deepslate_ore_nickel":8,"silentgear:deepslate_bort_ore":5,"hexerei:mahogany_log":118,"minecraft:deepslate_iron_ore":28,"minecraft:vine":1,"powah:uraninite_ore_poor":1,"occultism:silver_ore":2,"minecraft:stone":305,"immersiveengineering:ore_aluminum":23,"minecraft:deepslate_redstone_ore":50,"mekanism:osmium_ore":19,"powah:uraninite_ore":1,"minecraft:torch":4,"thermal:apatite_ore":2,"minecraft:crafting_table":3,"hexerei:mahogany_leaves":65,"silentgear:wild_fluffy_plant":2,"minecraft:melon":32,"mekanism:tin_ore":41,"minecraft:tall_grass":2,"minecraft:copper_ore":35,"minecraft:cobblestone":6,"minecraft:lapis_ore":10,"minecraft:deepslate_gold_ore":4,"minecraft:diorite":19,"minecraft:wall_torch":17,"powah:deepslate_uraninite_ore_poor":8,"minecraft:deepslate_copper_ore":7,"minecraft:birch_sapling":3,"supplementaries:urn":5,"botania:cyan_mystical_flower":3,"byg:soapstone":9,"forcecraft:power_ore":3,"minecraft:wheat":1,"minecraft:birch_log":22,"forcecraft:force_log":12,"gobber2:gobber2_lucky_block_deepslate":14,"minecraft:grass":100,"mekanism:deepslate_tin_ore":8,"minecraft:coal_ore":123,"mekanism:deepslate_fluorite_ore":2,"mekanism:lead_ore":15,"minecraft:gravel":78,"minecraft:sand":14,"minecraft:dirt":42,"mekanism:deepslate_uranium_ore":42,"minecraft:oak_leaves":4,"thermal:deepslate_sulfur_ore":2,"minecraft:deepslate":555,"minecraft:fern":27},"minecraft:crafted":{"silentgear:template_board":12,"mekanism:ingot_osmium":5,"pocketstorage:psu_1":1,"mininggadgets:mininggadget_simple":1,"thermal:copper_gear":2,"minecraft:piston":2,"industrialforegoing:iron_gear":1,"minecraft:stone":8,"hexerei:mahogany_planks":20,"thermal:machine_frame":1,"minecraft:glass_pane":16,"charginggadgets:charging_station":1,"mekanism:ingot_bronze":26,"minecraft:glass":14,"silentgear:rough_rod":2,"mininggadgets:upgrade_efficiency_2":1,"thermal:machine_pulverizer":1,"minecraft:redstone_block":6,"mekanismtools:bronze_shield":1,"mekanism:ingot_tin":5,"silentgear:saw_blade":1,"mininggadgets:upgrade_efficiency_1":1,"minecraft:iron_sword":1,"minecraft:copper_ingot":64,"minecraft:birch_planks":12,"minecraft:air":1595,"minecraft:jungle_planks":8,"thermal:tin_gear":1,"mininggadgets:upgrade_empty":4,"mininggadgets:modificationtable":1,"minecraft:iron_ingot":66,"minecraft:iron_pickaxe":1,"minecraft:iron_block":2,"minecraft:stone_sword":1,"minecraft:gold_ingot":5,"thermal:rf_coil":2,"silentgear:saw_template":1,"minecraft:lapis_block":6,"silentgear:rod_template":1},"minecraft:custom":{"minecraft:mob_kills":13,"minecraft:interact_with_crafting_table":89,"minecraft:damage_dealt_resisted":0,"minecraft:leave_game":5,"minecraft:time_since_death":187583,"minecraft:climb_one_cm":90260,"minecraft:sprint_one_cm":199102,"minecraft:walk_one_cm":548233,"minecraft:drop":8,"minecraft:talked_to_villager":1,"minecraft:play_time":187583,"minecraft:sneak_time":2534,"minecraft:walk_under_water_one_cm":7696,"minecraft:boat_one_cm":23316,"minecraft:jump":1109,"minecraft:walk_on_water_one_cm":7159,"minecraft:total_world_time":250877,"minecraft:interact_with_furnace":66,"minecraft:sleep_in_bed":7,"minecraft:time_since_rest":15432,"minecraft:damage_taken":380,"minecraft:damage_dealt":2041,"minecraft:swim_one_cm":3002,"minecraft:fly_one_cm":51721,"minecraft:open_chest":267,"minecraft:crouch_one_cm":5383,"minecraft:fall_one_cm":11422},"minecraft:picked_up":{"minecraft:crafting_table":3,"minecraft:wheat":28,"byg:soapstone":9,"minecraft:chicken":1,"minecraft:ladder":1,"mekanism:raw_uranium":42,"minecraft:lead":1,"minecraft:wooden_pickaxe":1,"ars_nouveau:blue_archwood_sapling":1,"occultism:raw_silver":59,"silentgear:fluffy_seeds":2,"forcecraft:force_sapling":2,"minecraft:raw_copper":131,"minecraft:iron_leggings":1,"thermal:sulfur":27,"minecraft:cobbled_deepslate":555,"minecraft:beef":5,"minecraft:jungle_sapling":1,"hexerei:mahogany_sapling":25,"minecraft:melon_slice":153,"delightful:green_tea_leaf":1,"minecraft:birch_sapling":10,"minecraft:egg":1,"minecraft:stick":15,"minecraft:raw_iron":84,"apotheosis:gem":1,"hexerei:mahogany_log":117,"minecraft:torch":51,"minecraft:diorite":19,"minecraft:redstone":310,"mekanism:raw_tin":49,"deepresonance:resonating_ore_deepslate":1,"thermal:apatite":12,"gobber2:gobber2_foo":2,"hexerei:sage_seed":15,"minecraft:stone_sword":1,"supplementaries:antique_ink":3,"occultism:datura":1,"supplementaries:ash":12,"bigreactors:yellorite_ore":4,"viescraftmachines:xegonite_shard":147,"minecraft:white_wool":4,"minecraft:cobblestone":326,"minecraft:birch_log":22,"occultism:datura_seeds":2,"minecraft:andesite":2,"mekanism:raw_lead":15,"minecraft:birch_slab":13,"minecraft:jungle_log":16,"gobber2:gobber2_gooey_beefstew":3,"minecraft:leather":4,"forcecraft:force_gem":13,"minecraft:tuff":30,"ars_nouveau:wilden_wing":3,"minecraft:flint":7,"create:raw_zinc":18,"forcecraft:force_log":12,"minecraft:lapis_lazuli":84,"minecraft:dirt":155,"naturalist:glow_goop":1,"immersiveengineering:hemp_fiber":5,"botania:cyan_mystical_flower":6,"gobber2:gobber2_gooey_beef":4,"minecraft:wheat_seeds":73,"minecraft:raw_gold":4,"minecraft:stone_pickaxe":3,"gobber2:gobber2_globette":5,"gobber2:gobber2_gooey_bread":4,"hexerei:animal_fat":2,"minecraft:gravel":79,"immersiveengineering:raw_aluminum":23,"minecraft:jungle_planks":29,"minecraft:sand":14,"hexerei:sage":5,"powah:uraninite_raw":15,"silentgear:bort":5,"mekanism:raw_osmium":34,"silentcompat:raw_voidmetal":8,"immersiveengineering:seed":11,"minecraft:diamond":20,"mekanism:fluorite_gem":7,"minecraft:granite":19,"immersiveengineering:raw_nickel":8,"gobber2:gobber2_goo":8,"minecraft:coal":123,"thermal:machine_pulverizer":1,"minecraft:melon_seeds":2},"minecraft:used":{"hexerei:mahogany_log":8,"minecraft:stone_sword":18,"minecraft:iron_shovel":72,"minecraft:stone_shovel":133,"minecraft:ladder":147,"immersiveengineering:seed":11,"minecraft:chest":7,"minecraft:iron_sword":21,"minecraft:stone_hoe":134,"minecraft:torch":208,"minecraft:dirt":70,"minecraft:jungle_planks":39,"minecraft:birch_door":2,"minecraft:glass":2,"hexerei:mahogany_sapling":14,"minecraft:wooden_axe":56,"thermal:dynamo_stirling":1,"minecraft:iron_axe":21,"minecraft:birch_sapling":10,"minecraft:melon_seeds":15,"delightful:green_tea_leaf":1,"minecraft:furnace":2,"minecraft:egg":1,"mininggadgets:modificationtable":1,"minecraft:cobbled_deepslate":4,"minecraft:wheat_seeds":69,"minecraft:water_bucket":2,"minecraft:stone_pickaxe":131,"thermal:machine_pulverizer":2,"occultism:datura_seeds":1,"minecraft:wooden_pickaxe":7,"minecraft:birch_boat":1,"minecraft:crafting_table":4,"forcecraft:force_log":1,"minecraft:white_bed":1,"mekanismtools:osmium_pickaxe":674,"hexerei:sage_seed":10,"minecraft:birch_slab":14,"minecraft:melon_slice":35,"minecraft:gravel":58,"minecraft:stone_axe":121,"charginggadgets:charging_station":1,"minecraft:cobblestone":221,"minecraft:bucket":2,"minecraft:birch_log":2,"silentgear:saw":2},"minecraft:killed":{"minecraft:chicken":1,"mekanismadditions:baby_enderman":1,"naturalist:firefly":1,"whisperwoods:zotzpyre":1,"hexerei:crow":1,"ars_nouveau:wilden_stalker":6,"minecraft:cow":2}},"DataVersion":3120}